{"transient_states": [1, 2, 3], "absorbing_states": [0, 4], "absorption_probabilities": {"1": {"0": 0.014795260844342177, "4": 0.9852047391556578}, "2": {"0": 0.004228329809725159, "4": 0.9957716701902748}, "3": {"0": 0.0, "4": 1.0}}, "expected_steps_to_absorption": {"1": 2.871024260334295, "2": 1.9957716701902748, "3": 1.0}}