{"count": 873.0, "mean": 0.44527593536771837, "std": 0.21388903455094166, "min": -0.6788905546675404, "25%": 0.4072744681148649, "50%": 0.4488514200602095, "75%": 0.5775603514144654, "max": 0.6334508090538217}